Job ID,Job URL,Job Title,Company Name,Status,Timestamp,WP ID
550c0bc17a1bdb8e,https://ws.linkedin.com/jobs/view/samoa-maintenance-technician-savaii-at-the-church-of-jesus-christ-of-latter-day-saints-4426613925,Samoa: Maintenance Technician (Savaii),The Church of Jesus Christ of Latter-day Saints,posted,2026-07-07T01:36:03.092762,17
92dba80a59629b0f,https://ws.linkedin.com/jobs/view/editor-at-samoa-observer-4433914084,Editor,Samoa Observer,posted,2026-07-07T01:36:27.543358,19
58d720bfba90de49,https://ws.linkedin.com/jobs/view/senior-container-cleaning-officer-at-neptune-pacific-direct-line-4432341175,Senior Container Cleaning Officer,,scraped,2026-07-07T01:36:29.967922,
81396db900688b6f,https://ws.linkedin.com/jobs/view/un-women-communications-analyst-n-ppsa-8-apia-samoa-open-to-samoa-nationals-only-at-un-women-4436160311,"UN Women: Communications Analyst, N-PPSA 8, Apia, SAMOA (Open to Samoa Nationals ONLY)",UN Women,posted,2026-07-07T01:36:59.103634,21
4e045b01adc042ee,https://ws.linkedin.com/jobs/view/request-for-proposals-public-enterprise-governance-specialists-at-dt-global-4427470795,Request for Proposals: Public Enterprise Governance Specialists,,scraped,2026-07-07T01:37:01.587876,
600b06d031a17ab9,https://ws.linkedin.com/jobs/view/samoa-on-call-sub-food-service-lead-cook-church-college-vaiola-at-the-church-of-jesus-christ-of-latter-day-saints-4434675808,SAMOA: On-call Sub Food Service Lead (Cook) - Church College Vaiola,The Church of Jesus Christ of Latter-day Saints,posted,2026-07-07T01:37:27.676271,23
89f7e354274a393a,https://ws.linkedin.com/jobs/view/national-communication-specialist-at-fao-4434510684,National Communication Specialist,,scraped,2026-07-07T12:17:09.623015,
7409c86bd93e372b,https://ws.linkedin.com/jobs/view/un-women-communications-analyst-n-ppsa-8-apia-samoa-open-to-samoa-nationals-only-at-international-civil-aviation-organization-4438164344,"UN Women: Communications Analyst, N-PPSA 8, Apia, SAMOA (Open to Samoa Nationals ONLY)",,scraped,2026-07-08T07:18:15.373371,
caf4c605e7f9f5b8,https://ws.linkedin.com/jobs/view/executive-housekeeper-at-sheraton-hotels-resorts-4437375502,Executive Housekeeper,Sheraton Hotels &amp; Resorts,posted,2026-07-09T11:27:05.842081,35
e1ba2883aa1703f8,https://ws.linkedin.com/jobs/view/samoa-church-college-vaiola-food-textiles-technology-teacher-church-schools-at-the-church-of-jesus-christ-of-latter-day-saints-4437979189,"SAMOA: Church College Vaiola - Food Textiles & Technology Teacher, Church Schools",The Church of Jesus Christ of Latter-day Saints,posted,2026-07-10T11:23:57.955913,37
cd72bfeeab881898,https://ws.linkedin.com/jobs/view/teller-apia-at-anz-4430938245,Teller - Apia,,scraped,2026-07-10T23:32:47.377184,
e2c0f791f48a24a1,https://ws.linkedin.com/jobs/view/samoa-church-college-vaiola-food-textiles-technology-teacher-church-schools-at-the-church-of-jesus-christ-of-latter-day-saints-4439414650,"SAMOA: Church College Vaiola - Food Textiles & Technology Teacher, Church Schools",The Church of Jesus Christ of Latter-day Saints,posted,2026-07-13T18:23:43.797551,39
648fa50b4f8fec4b,https://ws.linkedin.com/jobs/view/mela-specialist-at-pacer-plus-4439812236,MELA Specialist,,scraped,2026-07-14T07:25:00.326891,
4de3fd615907d69a,https://ws.linkedin.com/jobs/view/communications-specialist-at-pacer-plus-4439801443,Communications Specialist,,scraped,2026-07-14T07:25:11.088551,
e39c9549951ae8fb,https://ws.linkedin.com/jobs/view/environmental-health-and-safety-ehs-advisor-at-transam-logistics-4431781027,Environmental Health and Safety (EHS) Advisor,,scraped,2026-07-14T17:51:33.927010,
7ac726fdb5ed57a0,https://ws.linkedin.com/jobs/view/gef-project-technical-specialist-at-fao-4438409154,GEF Project Technical Specialist,,scraped,2026-07-15T18:03:21.302032,
1d60303ecb21264f,https://ws.linkedin.com/jobs/view/samoa-science-teacher-church-college-vaiola-at-the-church-of-jesus-christ-of-latter-day-saints-4432658227,SAMOA: Science Teacher - Church College Vaiola,The Church of Jesus Christ of Latter-day Saints,posted,2026-07-16T17:57:43.872947,41
7faace1efd6bd4ca,https://ws.linkedin.com/jobs/view/samoa-learning-centre-coordinator-saleilua-at-the-church-of-jesus-christ-of-latter-day-saints-4441177268,Samoa: Learning Centre Coordinator (Saleilua),The Church of Jesus Christ of Latter-day Saints,posted,2026-07-17T12:19:46.137442,43
4746268159894cd2,https://ws.linkedin.com/jobs/view/head-of-finance-at-bat-4432901137,Head of Finance,,scraped,2026-07-17T17:46:51.222714,
87caae9a563ed9d7,https://ws.linkedin.com/jobs/view/samoa-learning-centre-coordinator-saleilua-at-the-church-of-jesus-christ-of-latter-day-saints-4441390636,Samoa: Learning Centre Coordinator (Saleilua),The Church of Jesus Christ of Latter-day Saints,posted,2026-07-18T05:54:22.182455,43
f08b92b930ce497d,https://ws.linkedin.com/jobs/view/samoa-procurement-business-partner-at-a-igreja-de-jesus-cristo-dos-santos-dos-%C3%BAltimos-dias-4443512168,Samoa: Procurement Business Partner,,scraped,2026-07-21T18:52:56.643723,
2f11140fd76501a4,https://ws.linkedin.com/jobs/view/samoa-language-coordinator-at-a-igreja-de-jesus-cristo-dos-santos-dos-%C3%BAltimos-dias-4443393887,Samoa: Language Coordinator,,scraped,2026-07-21T18:53:02.892308,
6c86251976bdd840,https://ws.linkedin.com/jobs/view/field-engineer-at-digicel-samoa-4444228643,Field Engineer,,scraped,2026-07-23T07:51:08.362348,
992bf0b8b957d182,https://ws.linkedin.com/jobs/view/samoa-sai-administrative-assistant-at-a-igreja-de-jesus-cristo-dos-santos-dos-%C3%BAltimos-dias-4443468684,Samoa: SAI Administrative Assistant,,scraped,2026-07-23T07:51:15.034690,
9a42c24e5126752a,https://ws.linkedin.com/jobs/view/mobile-financial-services-distribution-executive-at-digicel-samoa-4444227808,Mobile Financial Services Distribution Executive,,scraped,2026-07-23T07:51:25.748401,
602af337d87f03f3,https://ws.linkedin.com/jobs/view/samoa-infield-mentor-12-month-fixed-term-at-a-igreja-de-jesus-cristo-dos-santos-dos-%C3%BAltimos-dias-4444080737,Samoa: Infield Mentor (12-month Fixed-Term),,scraped,2026-07-24T15:21:55.177255,
a62cc46ae601305c,https://ws.linkedin.com/jobs/view/samoa-infield-mentor-12-month-fixed-term-at-the-church-of-jesus-christ-of-latter-day-saints-4425254325,Samoa: Infield Mentor (12-month Fixed-Term),The Church of Jesus Christ of Latter-day Saints,posted,2026-07-24T20:51:09.046631,45
8a3fd0f5021afc34,https://ws.linkedin.com/jobs/view/mobile-financial-services-mfs-lead-at-digicel-samoa-4446514775,Mobile Financial Services (MFS) Lead,,scraped,2026-07-29T08:03:47.766304,
067529c9df5e8e8a,https://ws.linkedin.com/jobs/view/senior-finance-executive-at-digicel-samoa-4446519394,Senior Finance Executive,,scraped,2026-07-29T08:03:54.368118,
eae8486726d154d8,https://ws.linkedin.com/jobs/view/senior-videographer-photographer-%E2%80%93-sids-2026-at-fao-4444167887,Senior Videographer/Photographer – SIDS 2026,,scraped,2026-07-30T07:45:24.037316,
57ea0ff7bc051eca,https://ws.linkedin.com/jobs/view/national-project-coordinator-agrifood-systems-at-fao-4446727417,National Project Coordinator (Agrifood Systems),,scraped,2026-07-30T13:22:56.113609,
4bfbac3c233fc3bb,https://ws.linkedin.com/jobs/view/project-manager-core-banking-system-at-national-bank-of-samoa-4446297466,Project Manager - Core Banking System,,scraped,2026-08-04T06:26:37.842011,
34f8b64afade8cce,https://ws.linkedin.com/jobs/view/key-accounts-executive-at-bat-4448280097,Key Accounts Executive,,scraped,2026-08-04T10:37:01.370745,
d83aab2060c8d384,https://ws.linkedin.com/jobs/view/samoa-mission-home-attendant-apia-west-readvertised-at-a-igreja-de-jesus-cristo-dos-santos-dos-%C3%BAltimos-dias-4448945343,Samoa: Mission Home Attendant (Apia West) - Readvertised,,scraped,2026-08-05T06:27:00.768679,
474f8a986dbd227f,https://ws.linkedin.com/jobs/view/skills-adviser-curriculum-development-design-samoa-at-dt-global-4448919718,Skills Adviser Curriculum Development & Design Samoa,DT Global,posted,2026-08-05T06:27:16.011757,47
42decbd324c946b4,https://ws.linkedin.com/jobs/view/samoa-samoan-teacher-church-college-pesega-at-the-church-of-jesus-christ-of-latter-day-saints-4448472176,SAMOA: Samoan Teacher - Church College Pesega,The Church of Jesus Christ of Latter-day Saints,posted,2026-08-06T23:04:29.654434,49
7b858e0dfee6ec83,https://ws.linkedin.com/jobs/view/samoa-health-physical-education-teacher-church-college-pesega-at-the-church-of-jesus-christ-of-latter-day-saints-4448702601,SAMOA: Health & Physical Education Teacher - Church College Pesega,The Church of Jesus Christ of Latter-day Saints,posted,2026-08-07T02:45:34.633002,51
0f08ef0620c6a53c,https://ws.linkedin.com/jobs/view/samoa-counselor-church-schools-church-college-pesega-at-the-church-of-jesus-christ-of-latter-day-saints-4448700628,"SAMOA: Counselor, Church Schools - Church College Pesega",The Church of Jesus Christ of Latter-day Saints,posted,2026-08-07T05:39:34.386251,53
a3945bf9d633f6b8,https://ws.linkedin.com/jobs/view/samoa-english-teacher-church-college-pesega-at-the-church-of-jesus-christ-of-latter-day-saints-4448496725,SAMOA: English Teacher - Church College Pesega,The Church of Jesus Christ of Latter-day Saints,posted,2026-08-07T05:39:43.021204,55
8a70261200bc67cf,https://ws.linkedin.com/jobs/view/samoa-counselor-church-schools-church-college-pesega-at-a-igreja-de-jesus-cristo-dos-santos-dos-%C3%BAltimos-dias-4450048368,"SAMOA: Counselor, Church Schools - Church College Pesega",,scraped,2026-08-07T05:39:49.532060,
e09754f6f7bf4da1,https://ws.linkedin.com/jobs/view/samoa-english-teacher-church-college-pesega-at-a-igreja-de-jesus-cristo-dos-santos-dos-%C3%BAltimos-dias-4450056078,SAMOA: English Teacher - Church College Pesega,,scraped,2026-08-07T05:39:57.950079,
e31ee133e3a86ea5,https://ws.linkedin.com/jobs/view/samoa-health-physical-education-teacher-church-college-pesega-at-a-igreja-de-jesus-cristo-dos-santos-dos-%C3%BAltimos-dias-4450036555,SAMOA: Health & Physical Education Teacher - Church College Pesega,,scraped,2026-08-11T08:53:53.253689,
7f2ec107535ea7ae,https://ws.linkedin.com/jobs/view/samoa-samoan-teacher-church-college-pesega-at-a-igreja-de-jesus-cristo-dos-santos-dos-%C3%BAltimos-dias-4450053193,SAMOA: Samoan Teacher - Church College Pesega,,scraped,2026-08-11T16:56:24.849144,
762a5139ff824546,https://ws.linkedin.com/jobs/view/freelance-at-firstsource-4452390083,Freelance,,scraped,2026-08-12T10:59:23.022700,
d68d681cf7482a11,https://ws.linkedin.com/jobs/view/senior-communications-coordinator-at-conservation-international-4453209116,Senior Communications Coordinator,Conservation International,posted,2026-08-13T16:54:58.958166,57
129e5850c1e46cfe,https://ws.linkedin.com/jobs/view/senior-marine-officer-msp-coordinator-at-conservation-international-4452992716,Senior Marine Officer-MSP Coordinator,Conservation International,posted,2026-08-13T16:55:14.019388,59
a0839b175dd9bee3,https://ws.linkedin.com/jobs/view/samoa-in-field-mentor-at-the-church-of-jesus-christ-of-latter-day-saints-4452747740,Samoa: In-Field Mentor,The Church of Jesus Christ of Latter-day Saints,posted,2026-08-13T16:55:23.856704,61
cb976a3f5dad36e3,https://ws.linkedin.com/jobs/view/samoa-in-field-mentor-at-a-igreja-de-jesus-cristo-dos-santos-dos-%C3%BAltimos-dias-4453128607,Samoa: In-Field Mentor,,scraped,2026-08-13T16:55:30.336694,
131cab601cb4a48d,https://ws.linkedin.com/jobs/view/senior-communications-coordinator-at-conservation-south-africa-4454304674,Senior Communications Coordinator,,scraped,2026-08-13T20:40:36.994270,
40b00843a4851016,https://ws.linkedin.com/jobs/view/senior-marine-officer-msp-coordinator-at-conservation-south-africa-4454301728,Senior Marine Officer-MSP Coordinator,,scraped,2026-08-13T20:40:53.953087,
fe2b815e0938fa59,https://ws.linkedin.com/jobs/view/senior-communications-coordinator-at-conservation-international-4452997731,Senior Communications Coordinator,Conservation International,posted,2026-08-13T22:40:00.273192,57
b5b1d472b6f3947f,https://ws.linkedin.com/jobs/view/senior-marine-officer-msp-coordinator-at-conservation-international-4452989841,Senior Marine Officer-MSP Coordinator,Conservation International,posted,2026-08-13T22:40:10.915976,59
fa5dd7b48d159404,https://ws.linkedin.com/jobs/view/specialist-int-l-shipping-global-distribution-at-a-igreja-de-jesus-cristo-dos-santos-dos-%C3%BAltimos-dias-4451606199,"Specialist, Int'l Shipping - Global Distribution",,scraped,2026-08-15T16:22:07.669558,
